user_input,retrieved_contexts,response,reference,faithfulness,context_precision
What is the bias-variance tradeoff?,"['account more evenly.\nTHE VARIANCE BIAS TRADE-OFF\nThe variance bias trade-off is a common topic in ML interviews.\nWhen applying ML model improvement techniques such as\nregularization, it is important to consider the trade-off between\nfixing for bias versus variance. Bias refers to the overall\ninaccuracy of the model and can often be caused by an\noversimplified (underfit) model.\nVariance comes from overfitting, when the model has learned too\nspecifically from the training set. One way to remember why this\nis called “variance” is that the term refers to the variability of the', 'data, leading to underfitting, where it fails to capture even the basic relationships present in the data.\nAssessment\nWhat is the bias-variance trade-off in machine learning?\nAnswer\nThe bias-variance trade-off refers to the balance between a model’s ability to fit the training data well\n(low bias) and its ability to generalize to new, unseen data (low variance). Increasing model\ncomplexity can reduce bias but increase variance, and vice versa.\nAssessment\nHow does underfitting relate to the bias-variance trade-off?\nAnswer']","The bias-variance trade-off refers to the balance between a model's ability to fit the training data well (low bias) and its ability to generalize to new, unseen data (low variance). Increasing model complexity can reduce bias but increase variance, and vice versa. Underfitting occurs when a model is too simple to capture the underlying patterns in the data, leading to high bias and poor performance on both training and test data. Overfitting happens when a model is too complex and fits the training data noise, resulting in low bias but high variance. Tuning with hyperparameters is crucial in understanding the bias-variance trade-off. Understanding how well a model performs on unseen data is paramount in evaluating its effectiveness, generalization capabilities, and potential areas for imp","Bias is error from overly simple assumptions that cause underfitting, while variance is error from overly complex models that overfit; you must trade off bias and variance to minimize total error.",0.8461538461538461,0.99999999995
Explain the difference between supervised and unsupervised learning.,"['Supervised and unsupervised learning also differ in terms of the\nML model outputs. In supervised learning, the ML model aims to\npredict what the label would be. Unsupervised learning doesn’t\npredict specific label(s) but rather tries to find latent patterns and\ngroupings within the dataset, which can be used to cluster new\ndata points.\nIn terms of evaluation, the two types of ML are assessed\ndifferently. Supervised learning is evaluated by comparing its\noutputs with the correct output (with the test/holdout/validation\ndatasets). In unsupervised learning, the model is evaluated', 'between supervised and unsupervised learning?\nlabeled data, Defining Labeled Data, Interview question 3-6:\nWhat are the differences between supervised and unsupervised\nlearning?\nresource for learning about, Supervised, Unsupervised, and\nReinforcement Learning\nsample interview questions, Sample Interview Questions on\nSupervised and Unsupervised Learning-Interview question 3-8:\nWhat is a common issue that you might run into while\nimplementing supervised learning, and how would you address\nit?\nsupervised learning versus, Interview question 3-6: What are the']","In supervised learning, the ML model aims to predict the label(s) of new data points based on labeled data. In contrast, unsupervised learning doesn't predict specific label(s) but rather tries to find latent patterns and groupings within the dataset. Supervised learning is evaluated by comparing the outputs of the model with the correct label(s) of the test/holdout/validation datasets. In this case, the model is evaluated based on its ability to predict the correct label(s) accurately. Supervised learning is commonly used in tasks such as classification, regression, and clustering. In these tasks, the model is trained on labeled data and is then used to make predictions on new data points. On the other hand, unsupervised learning is used in tasks such as clustering, dimensionality reducti","Supervised learning trains on labeled data to map inputs to outputs, while unsupervised learning finds structure or clusters in unlabeled data.",0.6666666666666666,0.9999999999
How is k-nearest neighbors different from k-means clustering?,"['k-means clustering is an unsupervised clustering algorithm. While the \nmechanisms may seem similar at first, what this really means is that \nin order for K-Nearest Neighbors to work, you need labeled data you \nwant to classify an unlabeled point into (thus the nearest neighbor \npart). K-means clustering requires only a set of unlabeled points and \na threshold: the algorithm will take unlabeled points and gradually \nlearn how to cluster them into groups by computing the mean of the \ndistance between different points.\nThe critical difference here is that KNN needs labeled points and is', 'the clusters have similar diameters and contain roughly the same number of data points.\nEqual variance: K-means assumes that the variance (spread) of the data points within each cluster is roughly the same. This\nassumption is important because K-means uses the mean as the center of a cluster, and equal variance helps in determining the\n“average“ distance of data points from the center.\nFeatures’ influence: K-means treats all features equally and assumes that they have a similar influence on the clustering process.']","K-Nearest Neighbors (k-NN) and K-means clustering are two different unsupervised learning algorithms that differ in their approach to clustering data. K-NN is a supervised classification algorithm that treats all features equally and assumes that they have a similar influence on the clustering process. In contrast, K-means clustering is an unsupervised clustering algorithm that requires labeled data and assumes that the variance (spread) of the data points within each cluster is roughly the same. K-NN is used for classification, while K-means clustering is used for unsupervised clustering. K-NN is a lazy learning algorithm that doesn't build a distinct model during training, while K-means is a supervised learning algorithm that requires labeled data. K-means clustering uses the mean as the","K-nearest neighbors is a supervised classification algorithm that needs labeled examples, while k-means is an unsupervised clustering algorithm that groups unlabeled points by proximity.",0.42857142857142855,0.9999999999
Define precision and recall in a classification problem.,"['classification task?\nExample answer\nPrecision measures the accuracy of the model at making correct\npredictions (quality), and recall measures the model’s accuracy in\nterms of how many relevant items are predicted correctly\n(quantity). Mathematically, precision is TP / (TP + FP) while recall\nis TP / (TP + FN).\nPrecision can be more important than recall when it is more\ncritical to reduce FPs and keep them low. One example is\nmalware detection or email spam detection, where too many\nfalse positives can lead to user distrust. FPs in email spam', 'if the threshold is set to 0.6, then the probability predictions of the\nmodel that are above 0.6 probability of being class 1 will be\nlabeled as class 1.\nUsing ROC can help us determine the trade-off in the true\npositive rate and the false positive rate at various thresholds, and\nwe can then decide what is the optimal threshold to use.\nInterview question 4-8: What is the difference between precision\nand recall; when would you use one over the other in a\nclassification task?\nExample answer\nPrecision measures the accuracy of the model at making correct']","In a classification problem, precision measures the accuracy of the model at making correct predictions (quantity) while recall measures the accuracy in terms of how many relevant items are predicted correctly (quality). Precision is also known as the positive pre-dictive value, and it is a measure of the amount of accurate positives the model claims compared to the number of positives it actually claims. Recall is also known as the true positive rate, and it is a measure of the amount of accurate positives the model claims compared to the number of positives it actually claims. In a classification task, precision is more important than recall when it is more critical to reduce false positives and keep them low. One example is malware detection or email spam detection, where too many false","Recall is the proportion of true positives among all actual positives, while precision is the proportion of true positives among all predicted positives.",0.4,0.99999999995
What does the ROC curve represent?,"['considerations for model evaluation, let’s look at some example\ninterview questions.\nInterview question 4-7: What is the ROC metric, and when is it\nuseful?\nExample answer\nThe ROC (receiver operating characteristic) curve can be used to\nevaluate a binary classification model. The curve plots the true\npositive rate against the false positive rate at various thresholds\n—the threshold being the probability between 0 and 1, above\nwhich the prediction is considered to be that class. For example,\nif the threshold is set to 0.6, then the probability predictions of the', 'ROC metric, and when is it useful?\nroles of machine learning jobs\nbehavioral interviews for senior and higher, Senior+ Behavioral\nInterview Tips\nbrowsing job postings, Browsing Job Postings\ndifferent roles working together, Execution and Communication:\nAbility to Get Things Done in a Team\n(see also teams)\nidentifying skill gaps, Identifying the Gaps Between Your Current\nSkills and Target Roles\nknowledge needed depends, Should Data Scientists and MLEs\nKnow This?\nlarger ML teams, Larger ML Teams\nlevels of, Preface\nmaturity of organization, Interviews for Roles Focused on Model\nTraining']","The ROC curve is a graphical representation of the contrast between true positive rates and false positive rates at various thresholds. It is often used as a proxy for the trade-off between the sensitivity of the model (true positives) vs the fall-out or probability it will trigger a false alarm (false positives). The ROC curve is used in supervised learning, where the model is trained on labeled data, and in unsupervised learning, where the model is trained on unlabeled data. The area under the ROC curve (AUC) is a metric used to evaluate the performance of a model. The AUC is used in both supervised and unsupervised learning to compare the performance of different models. The applications of ROC curves include where jobs are, where they are not, and how to assess candidates for job appli",A ROC curve plots the true positive rate against the false positive rate at different decision thresholds and visualizes the tradeoff between sensitivity and false alarms.,0.14285714285714285,0.9999999999
What is the F1 score and when is it useful?,"['Q18- What’s the F1 score? How would you use it?\nMore reading: F1 score (Wikipedia)\nThe F1 score is a measure of a model’s performance. It is a weighted \naverage of the precision and recall of a model, with results tending to \n1 being the best, and those tending to 0 being the worst. You would \nuse it in classification tests where true negatives don’t matter much.\nQ19- How would you handle an imbalanced dataset?\nMore reading: 8 Tactics to Combat Imbalanced Classes in Your \nMachine Learning Dataset (Machine Learning Mastery)\nAn imbalanced dataset is when you have, for example, a classification', 'For example, if you wanted to detect fraud in a massive dataset with \na sample of millions, a more accurate model would most likely predict \nno fraud at all if only a vast minority of cases were fraud. However, \nthis would be useless for a predictive model — a model designed to \nfind fraud that asserted there was no fraud at all! Questions like this \nhelp you demonstrate that you understand model accuracy isn’t the \nbe-all and end-all of model performance.\nQ18- What’s the F1 score? How would you use it?\nMore reading: F1 score (Wikipedia)']","The context provided in the question is an interview preparation assistant who is asked about the F1 score and how it is used in classification tests. The F1 score is a measure of a model's performance, and it is a weighted average of the precision and recall of a model, with results tending to 1 being the best and those tending to 0 being the worst. The F1 score is used in classification tests where true negatives don't matter much. The answer to the question is ""You would use it in classification tests where true negatives don't matter much. "".",The F1 score is the harmonic mean of precision and recall and is useful when you care about both and when true negatives are less important.,0.8571428571428571,0.9999999999
Explain the difference between Type I and Type II errors.,"['true, and the action of rejecting the null hypothesis. This is similar to a pregnancy test coming back\npositive when the woman is not in fact pregnant (also known as a false positive result).\nSimiarly, Type II Errors occur when the null hypothesis is false, but incorrectly fails to reject the null\nhypothesis. This is like having a pregnancy test that tells a pregnant woman that she is not pregnant\n(also known as a false negative).\nType I error (false positive)\nA Type I error, or false positive, happens when we incorrectly reject a true null hypothesis. In simpler', 'that a five-year-old could grasp the basics!\nQ10- What’s the difference between Type I and Type II \nerror?\nMore reading: Type I and type II errors (Wikipedia)\nDon’t think that this is a trick question! Many machine learning inter-\nview questions will be an attempt to lob basic questions at you just to \nmake sure you’re on top of your game and you’ve prepared all of your \nbases.\nType I error is a false positive, while Type II error is a false negative. \nBriefly stated, Type I error means claiming something has happened \nwhen it hasn’t, while Type II error means that you claim nothing is']","The context provided in the question is a machine learning interview question. The question asks for an answer using the provided context. The answer is ""Type I and Type II errors (Wikipedia). "" The question is asking for a brief explanation of the difference between Type I and Type II errors. The answer provides a brief explanation of the difference between Type I and Type II errors, which is the difference between a false positive and a false negative. The answer also explains that Type I errors occur when we incorrectly reject a true null hypothesis, while Type II errors occur when we incorrectly fail to reject a false null hypothesis. The answer suggests that finding the right balance between Type I and Type II errors is crucial in determining the risk of a Type II error.","A Type I error is a false positive where you claim an effect that is not real, while a Type II error is a false negative where you miss a real effect.",0.4444444444444444,0.99999999995
What is the difference between L1 and L2 regularization?,"['Assessment\nHow do L1 and L2 regularization differ? What are the benefits of regularization?\nAnswer\nL1 regularization encourages sparsity by forcing some coefficients to be exactly zero. L2\nregularization shrinks coefficients toward zero but rarely eliminates them entirely. Regularization\nhelps manage overfitting, performs feature selection, and improves model generalization, particularly\nin high-dimensional datasets.\nLogistic regression\nLogistic regression is a widely used statistical method for classification that models the relationship', 'constraints on the coefficients of the regression equation.\nRegularization adds a penalty term to the linear regression objective function, which discourages the\nmodel from assigning excessively large coefficients to the features. L1 regularization adds the\nabsolute values of the coefficients as penalties, leading to some coefficients being exactly zero, while\nL2 regularization adds the squared values of the coefficients, which enforces smaller but non-zero\ncoefficients:\nL1 regularization (lasso):\nL2 regularization (ridge):']","L1 regularization encourages sparsity by forcing some coefficients to be exactly zero, while L2 regularization shrinks coefficients toward zero but rarely eliminates them entirely. Regularization helps manage overfitting, performs feature selection, and improves model generalization, particularly in high-dimensional datasets. L1 regularization adds the absolute values of the coefficients as penalties, while L2 regularization adds the squared values of the coefficients. L1 regularization (also known as Lasso) adds the absolute values of the coefficients, leading to some coefficients being exactly zero, while L2 regularization (also known as Ridge) adds the squared values of the coefficients, which enforces smaller but non-zero coefficients.","L1 regularization encourages sparsity by driving some weights to exactly zero, while L2 regularization spreads penalty across all weights and keeps many small nonzero values.",1.0,0.99999999995
How would you handle an imbalanced classification dataset?,"['An imbalanced dataset is when you have, for example, a classification \ntest and 90% of the data is in one class. That leads to problems: an \naccuracy of 90% can be skewed if you have no predictive power on \nthe other category of data! Here are a few tactics to get over the \nhump:\n1- Collect more data to even the imbalances in the dataset.\n2- Resample the dataset to correct for imbalances.\n3- Try a different algorithm altogether on your dataset.\nWhat’s important here is that you have a keen sense for what damage \nan unbalanced dataset can cause, and how to balance that.', 'imbalanced class, the model will likely prioritize the majority class, leading to high accuracy but poor\nrecall and precision for the minority class.\nTreating imbalanced data\nImbalanced data can have several consequences on machine learning models. This subject could take\nan entire book to explain, but here are some approaches for further investigation. Your takeaway here\nshould be the depth and general logic behind imbalanced dataset remedies. Showing your knowledge\nin this area will show your level of understanding in pre-modeling practices and considerations.']","To handle an imbalanced classification dataset, you would follow the tactics outlined in the provided context. Here are some additional tactics to consider:

1. Collect more data to even the imbalances in the dataset. 2. Resample the dataset to correct for imbalances. 3. Try a different algorithm altogether on your dataset. Remember that imbalanced datasets can have severe consequences on machine learning models, so it's essential to treat them with care and understanding. By following these tactics, you can balance the imbalances in your dataset and improve your model's performance.","You can handle imbalance by collecting more minority-class data, resampling the dataset, trying algorithms that handle imbalance well, or using metrics like precision, recall, and F1 instead of accuracy.",0.875,0.99999999995
When would you use classification instead of regression?,"['In the rest of this section, we will provide examples of both regression and classification models,\ntheir assumptions, and their pros and cons.\nLinear regression – regression\nLinear regression is a fundamental and widely used statistical method in the field of data analysis\nand machine learning, providing a simple yet powerful framework for modeling the relationship\nbetween one or more independent variables and a dependent variable. The goal of linear regression is\nto find the best-fitting linear relationship that describes the data, enabling us to make predictions and', 'We’ve now reviewed two types of supervised learning in regression and classification. When\nworking through your technical interview, the interviewer will expect you to know if you are using a\nclassification or regression model. The target variable is the key to this decision point. Thus, if you\ncan identify the format of the target variable, you can identify the types of models that will best fit\nyour data science problem, as well as the best evaluation metrics to use.\nIn the rest of this section, we will provide examples of both regression and classification models,']","When working through your technical interview, the interviewer will expect you to know if you are using a classification or regression model. The target variable is the key to this decision point. Thus, if you can identify the format of the target variable, you can identify the types of models that will best fit your data science problem, as well as the best evaluation metrics to use. In the rest of this section, we will provide examples of both regression and classification models, and how to balance that. Q20- When should you use classification over regression?
More reading: Regression vs Classification (Math StackExchange)
Classification produces discrete values and dataset to strict catego-
ries, while regression gives you continuous results that allow you to 
better distinguish differ","You use classification when the target is a discrete category, such as whether a user will churn, and regression when you need a continuous numeric prediction.",0.625,0.49999999995
What is the bias-variance decomposition telling us about model error?,"['account more evenly.\nTHE VARIANCE BIAS TRADE-OFF\nThe variance bias trade-off is a common topic in ML interviews.\nWhen applying ML model improvement techniques such as\nregularization, it is important to consider the trade-off between\nfixing for bias versus variance. Bias refers to the overall\ninaccuracy of the model and can often be caused by an\noversimplified (underfit) model.\nVariance comes from overfitting, when the model has learned too\nspecifically from the training set. One way to remember why this\nis called “variance” is that the term refers to the variability of the', 'Model evaluation is a crucial step in the machine learning pipeline that validates the utility of a\nmodel in real-world scenarios. It gauges how well the model’s predictions align with actual\noutcomes, ensuring that the model can make accurate and reliable decisions beyond the training data.\nWhen assessing a model’s performance, it’s essential to consider two key aspects: bias and variance.\nBias refers to the error due to overly simplistic assumptions in the learning algorithm, leading to an\nunderfit model that misses relevant relationships. On the other hand, variance arises when a model is']","The bias-variance decomposition tells us that the model's ability to fit the training data well (low bias) and generalize to new, unseen data (low variance) are closely related. Underfitting occurs when a model is too simple to capture the underlying patterns in the data, leading to high bias and poor performance on both training and test data. Overfitting happens when a model is too complex and fits the training data noise, resulting in low bias but high variance. This can lead to excellent performance on training data but poor generalization to test data.","The bias-variance decomposition shows total error as the sum of bias, variance, and irreducible noise, making clear that reducing one component can increase the other.",0.625,0.99999999995
What is the difference between a generative and a discriminative model?,"['through the use of neural nets.\nQ14- What’s the difference between a generative and dis-\ncriminative model?\nMore reading: What is the difference between a Generative and Dis-\ncriminative Algorithm? (Stack Overflow)\nA generative model will learn categories of data while a discrimina-\ntive model will simply learn the distinction between different catego-\nries of data. Discriminative models will generally outperform \ngenerative models on classification tasks.\nQ15- What cross-validation technique would you use on a \ntime series dataset?', 'that the discriminator can no longer tell them apart.\nFigure 3-17. Illustration of GAN training. Note that the GAN can generate passable\nimages not in the training dataset that are good enough to fool the discriminator.\n(In this illustration we just have a flipped image for simplicity, but the real network\ncan generate images even more different from the real training data.)\nNOTE\nDiffusion models are now common for image-generation tasks. I won’t go into\ndetails in this book, but you can read the original paper59 if you’re interested.\nSummarizing Additional Computer Vision Use\nCases']","The difference between a generative and a discriminative model is that a generative model will learn categories of data while a discriminative model will simply learn the distinction between different categories of data. Generative models can outperform discriminative models on classification tasks because they can generate more realistic and diverse data than a discriminative model. The discriminator in a generative model can no longer tell the data apart, while a discriminative model can still distinguish between different categories of data. The cross-validation technique used on a time series dataset is to train the generative model on a subset of the data and then use the generated data to train the discriminative model on the remaining data. Diffusion models are now common for image-","A generative model learns the joint distribution of features and labels to generate or model data, while a discriminative model learns the decision boundary and directly models the conditional probability of labels given features.",0.4444444444444444,0.9999999999
How should you prepare for a recruiter screening call for a machine learning role?,"['Mastering the hiring manager stage\nMastering early interactions with the recruiter\nIn Chapter 2, we shared some tips on how to optimize your data science job search. In this section,\nwe’ll discuss what to expect when you receive your first recruiter inquiry. Hooray!\nRecruiter screenings are often the first stage in most corporate interviews. It involves someone from\na company’s recruiting team reaching out to you for an initial conversation regarding the role. If you\nreceive a call, a message, or an email from a recruiter, you should pat yourself on the back because', 'prep\nrecruiter screening, Recruiter Screening\nscheduling the interview, Scheduling the interview\ntime zone assistance, Scheduling the interview\nproduct data scientist, Job Titles Requiring ML Experience\ntechnical interviews, Overview of the Machine Learning\nAlgorithms Technical Interview\nproduct sense, Product Sense\nresources for learning, Product Sense\nprogramming (see coding)\nproject portfolios, Do You Need a Project Portfolio?, Do Online\nCertifications Help?\ncommon mistakes, Do You Need a Project Portfolio?\nexperience approximated by personal projects, Defining a\nMachine Learning Problem']","To prepare for a recruiter screening call for a machine learning role, the following tips can be followed:

1. Optimize for one thing: The recruiter screening is more of a ""smell test"" instead of an in-depth test of your technical skills and experience. Optimize for one thing, such as the recruiter's location, salary expectations, and legal status. 2. Prepare questions about the company and their products: For example, is the team's current project focused on improving the click-through rate or long-term iteration back to step B to improve the models and run more experiments in step C again. 3. Ask questions that you care about: You can ask questions that you care about, to see if you should continue to interview. For example, I might ask about the team size and if this job focuses more on","You should connect your experience explicitly to the job description, expand acronyms, and focus on showing that your background is relevant and you can learn quickly and fit the team.",0.42857142857142855,0.49999999995
What is an effective strategy for choosing what to study before a technical interview?,"['best—you won’t regret it.\nInterviews Require Energy!\nI mention all these tips because interviews require a lot of\nconcentration and mental and physical energy. It’s not just about\nyour preparation on the technical topics; the entire interview, just like\nstandardized exams, assesses your performance holistically. There\nare people who prepare a lot but perform poorly because of stress,\nnerves, or not enough sleep. There are people who prepare a bit less\nbut perform better due to their good mental and physical state at the\ntime of the interview. The one who performs better gets the job. It', 'Dress comfortably. We care about what you can do, not what you wear. \nWhat We Look For \nYour interviewer will be thinking about how your skills and experience might help \ntheir teams. Help them understand the value you could bring by focusing on these \ntraits and abilities. \n• \nCommunication. Are you asking for requirements and clarity when necessary, \nor are you just diving into the code? Your initial tech screen should be a \nconversation, so don’t forget to ask questions. \n• \nProblem solving. We’re evaluating how you comprehend and explain complex']","The context provided in the given text is an interview preparation assistant. The answer to the question is: ""To choose what to study before a technical interview, it's best to focus on the technical aspects of the job and the company's requirements. "".","A practical strategy is to identify likely question types from the recruiter, skim notes to find weak areas, and prioritize breadth on topics you are weaker on over re-studying what you already know well.",0.5,0.0
How can you structure your preparation for coding interviews that include data and ML questions?,"['companion site!\nSummary\nIn this chapter, you read about the various types of coding interview\nquestions: data- and ML-related, brainteasers, and SQL questions.\nYou also learned about what interviewers are looking for in the\ncoding interview and some tips on how to succeed: think out loud,\nclarify with your interviewer frequently, and communicate during the\ninterview. Last, I provided some sample roadmaps for preparing for\nthe coding interview and encouraged you to create one yourself\nbased on your own target timeline.', 'preparation roadmap, but you can use the same format to prepare\nfor all the interview types mentioned in this book (see Chapter\xa08 for a\nmore general ML interview preparation roadmap).\nCoding Interview Roadmap Example: Four\nWeeks, University Student\nOverview: you’re a student in the final year of your bachelor’s or\nmaster’s program. You have some familiarity with Python and don’t\nknow anything about SQL because you haven’t taken courses that\nhappened to use SQL. You learn from an informational interview with\nan alum working in the data field and from reading this book that you']","To structure your preparation for coding interviews that include data and ML questions, follow these steps:

1. Identify the types of coding interview questions that you are most comfortable with. This will help you focus your preparation on those areas. 2. Create a coding interview roadmap that outlines the specific coding questions you will be preparing for. This can be a spreadsheet or a document with a list of questions and their corresponding answers. 3. Practice coding exercises that include both data and ML questions. This will help you develop your skills in both areas and prepare you for the types of questions that may be asked in coding interviews. 4. Incorporate soft skills into your preparation. This can include things like communication, problem-solving, and teamwork. These sk","You can mix practice on NumPy and pandas exercises with brainteaser-style problems, focusing on common patterns like array manipulation, sliding windows, and two-pointers instead of brute-forcing every problem.",0.5,0.0
"During a recruiter call, how should you talk about your past projects?","['We may ask you to:\n• Discuss available details of past and current projects\n• Provide specific examples about what you did and the resulting impact.\n• Share what you learned from a past situation.\n• Talk about what you like about your current role and/or being a developer.\nHow to prep\nJust like with the coding and design interviews, it’s important to prepare ahead of \ntime for interviews designed to get to know you better. \n• Know yourself. Take the time to review your own résumé as your interviewer\nwill almost certainly ask about key events in your work history.', 'will almost certainly ask about key events in your work history.\n• Be honest. Not every project is a runaway success and we may not always\ninteract perfectly with our peers. Being transparent in these situations won’t\nbe counted against you in the interview. In fact, sharing & discussing how you\nlearned, improved, and grew from your past experiences is valued.\n• Use the S.T.A.R. method to mentally organize your thoughts. This will provoke\na well- thought-out and chronological action of events. Easy to describe, easy\nto follow.\n• S—One or two sentences about the SITUATION: What happened?']","To prepare for a recruiter call, you should:

1. Review your past projects and explain what you did and the resulting impact. 2. Be honest and transparent about your experiences, even if they were not always successful. 3. Use the S. T. A. R. method to mentally organize your thoughts and provide a well-thought-out and chronological account of your past experiences. 4. Prepare a few past experiences and relay them in a storytelling fashion. 5. Master the hiring manager stage by optimizing your data science job search and mastering early interactions with the recruiter. 6. Attend a recruiter screening and pat yourself on the back for attending. 7. Refer a job seeker by asking for their past experience and offering to refer them before they explicitly ask.","You should describe projects using language that mirrors the job description, explain algorithms and tools in plain terms, and highlight how your work maps to the required skills.",0.45454545454545453,0.9999999999
What is the main goal of behavioral interviews in data science or ML roles?,"['https://oreil.ly/QaUfA.\nChapter 7. Behavioral\nInterviews\nThe goal of an interview is to gauge whether a candidate is suitable\nfor a specific role, and that includes whether they can fit well with the\nteam. No matter how amazing a candidate is at technical skills, they\ncannot deliver projects if they don’t collaborate well with colleagues\nto deliver said projects. The interview identifies a good candidate by\nseveral measures, with their ML/coding ability being important but\nnot the entire picture that the interviewers are looking for. This', 'role is in plus where in the machine learning lifecycle the role is\n(refer back to Figure\xa01-3).\nAs an extreme example, I’ve been through a “data scientist”\ninterview where they did not ask any statistics or machine learning\ntheory questions nor any data-related questions. Instead, the\ninterview consisted of a few rounds of LeetCode-style (coding quiz)\nprogramming questions.8 I wondered how they could gauge whether\nI would be a good ML practitioner whose core work centers around\ndata when the questions were fully copied from a generalist software']","The context provided in the given text is an interview preparation book for data science or machine learning roles. The goal of the book is to help readers prepare for interviews and land the job. The book covers the goals of the ML lifecycle, including feature development, A/B test execution, and data analysis. The book also covers the main interview loop overview, technical deep-dive questions, and behavioral interviews. The book provides a checklist for creating a plan for the interview process, including the parts of the ML lifecycle that are of interest to the reader. The book also provides examples of open research problems in the field of A/B testing.","Behavioral interviews probe how you handle difficult situations, work with others, and communicate, using past experiences to predict future performance and team fit.",0.0,0.9999999999
How should a new grad prioritize their time when preparing for multiple interview rounds?,"['with constrained resources (time, energy, etc.). Good time\nmanagement can help you maximize your outputs with the same\namount of time spent. Accountability can help you do what you\nplanned to do. Here are some tips on time management, which I will\ndiscuss in greater detail in the following sections:\nBlock out time to focus.\nUse the Pomodoro Technique.\nAvoid burnout.\nAsk yourself: do you need an accountability buddy?\nFocus time\nI recommend blocking out time on your calendar specifically for\ninterview preparation and protecting that time. Let’s say you have', 'After the timer is done, take a break (the default is five minutes).\nRepeat.\nThe reason I like setting a timer is because it increases the efficiency\n(progress per time spent). If I’m spending an hour on preparation, I\nmight be able to complete two practice questions. If I’m fiddling on\nmy phone or distracted, I might only complete one practice question\nin one hour! That’s half the efficiency I could have had if I had just\nset a timer. Obviously, this can affect the amount of time required to\nprepare for interviews.\nIf you haven’t tried using a focus timer (Pomodoro) yet, I highly']","The new grad should prioritize their time by blocking out time for interview preparation and protecting that time. They should set a timer for each interview round and take a break after each round to recharge and refocus. They should also use the Pomodoro Technique to increase efficiency and progress per time spent. By following these tips, the new grad can maximize their outputs with the same amount of time spent, achieve better results, and avoid burnout.","A new grad should focus on the core skills most likely to be tested—coding, statistics, and ML fundamentals—while also allocating time for behavioral stories and role-specific preparation.",0.6666666666666666,0.0
What is a sensible interview prep plan for Meta-style ML interviews?,"['Welcome to your prep guide for your interview process with Meta. \nOur engineers and recruiters put together this guide so you know \nwhat to expect and how to prepare. This document is quite lengthy \nbut is designed to answer most of the questions you may have \nabout the role, the interview process, and how to set yourself up for \nsuccess by preparing.\nOne important piece of advice for your interview: it’s ok if you don’t \nknow! No one who works at Meta is an expert in all things, and we \ndon’t look for perfection in the people we interview. If you aren’t', 'ML SYSTEM DESIGN INTERVIEW AT META\nAt Meta, example questions include “design a personalized news\nranking system,” “design a product recommendation system,”\nand so on. As you can see from the following breakdown, Meta is\nlooking for an accumulation of the skills discussed in this book,\nnot just a narrow subsection of them.\nThe signals the interviewer is looking for from candidates include:\nProblem navigation\nSeeing if the candidate can organize the entire problem.\nMeta’s interview prep guide highlights that candidates should\nconnect the problem to the business context. (Refer to']","Context:
Welcome to your prep guide for your interview process with Meta. Our engineers and recruiters put together this guide so you know what to expect and how to prepare. This document is quite lengthy but is designed to answer most of the questions you may have about the role, the interview process, and how to set yourself up for success by preparing. One important piece of advice for your interview: it's ok if you don't know! No one who works at Meta is an expert in all things, and we don't look for perfection in the people we interview. If you aren't

ML SYSTEM DESIGN INTERVIEW AT META
At Meta, example questions include ""design a personalized news ranking system,"" ""design a product recommendation system,"" and so on. As you can see from the following breakdown, Meta is looking for an ","A Meta-style plan includes brushing up on probability and statistics, practicing ML theory questions, and doing coding practice in Python for data structures and data manipulation, aligned with Meta’s prep guides.",1.0,0.49999999995
How can reviewing past mistakes help you improve between interview rounds?,"['best—you won’t regret it.\nInterviews Require Energy!\nI mention all these tips because interviews require a lot of\nconcentration and mental and physical energy. It’s not just about\nyour preparation on the technical topics; the entire interview, just like\nstandardized exams, assesses your performance holistically. There\nare people who prepare a lot but perform poorly because of stress,\nnerves, or not enough sleep. There are people who prepare a bit less\nbut perform better due to their good mental and physical state at the\ntime of the interview. The one who performs better gets the job. It', 'complete every step, but I know that if I do them most of the time,\nthat increases the chances that I will improve at job interviews and\nland that job!\nTake Notes of What You Remember from the\nInterview\nI like to take notes of what I remember of the questions and roughly\nhow I responded. This helps me see what types of questions are\nbeing asked and if there are common patterns. An additional step\nyou can do with this information is double-check the questions by\ngoogling resources like Reddit or Glassdoor to see if they coincide\nwith what other candidates have been asked, and sometimes other']","The provided context suggests that interview preparation involves a lot of concentration and mental and physical energy, which can be challenging. However, by taking notes of what you remember from the interview and assessing the questions, you can double-check if they coincide with what other candidates have been asked. Target encoding can help improve predictive accuracy by encoding categorical variables with the average target value for each category. Bagging and boosting are ensemble techniques used to improve performance, and they can help with a variety of issues encountered during ML training, such as class imbalance and overfitting. Finally, reviewing past mistakes can help you improve between interview rounds by preventing you from making the same mistakes twice.","Reviewing questions you fumbled helps you identify weak topics, adjust your study plan to target those gaps, and avoid repeating the same mistakes in later rounds.",0.3333333333333333,0.49999999995
Why is it important to think out loud during technical interviews?,"['If you think out loud as you are typing, you can help the interviewer\nunderstand the direction you’re taking, and even help yourself. An\nexample of thinking out loud is: “I’m going to write some tests next,\nbut I’m thinking about what to test…”\nEven when you code an optimal solution, it usually isn’t a great sign\nif the entire interview is spent mostly in silence. You don’t have to\n(and shouldn’t) fill up every moment with thoughts and conversation\neither, as long as you’re providing enough information to your\ninterviewer instead of just coding in silence.', 'you aren’t used to the syntax or make a lot of obvious mistakes,\nthe interviewer can still tell, even if you don’t need to run the\ncode.\nFAQ: Thinking out loud seems distracting. What if I really can’t do it?\nA: If you know thinking aloud will distract you, then you don’t have\nto talk as frequently. However, I still recommend that when you’re\ntaking a natural pause, such as when you just finished defining a\nfunction, take that time in between to quickly summarize what you\ndid and why. As an interviewer, even if I’m watching every single']","The context provided in the given text suggests that it is important to think out loud during technical interviews as it can help the interviewer understand the direction you are taking and even help you with your coding abilities. This is because the interviewer may not have the opportunity to observe your coding process in real-time, and thinking out loud can help them understand your thought process and decisions as you code. It can also help you clarify any misunderstandings or confusion that may arise during the interview. Overall, thinking out loud can be a valuable tool for improving your technical skills and communication skills during interviews.","Thinking out loud lets interviewers follow your reasoning, correct wrong assumptions, and see how you approach problems, even if your code or math is not perfect.",0.375,0.99999999995
How can you avoid over-preparing only for brainteaser questions when targeting data science roles?,"['projects you work on will be more expansive than coding\nbrainteasers.\nNOTE\nFor those who are already familiar with this type of interview question, feel free\nto skip this section. It’s aimed toward those who are new to the\nbrainteaser/LeetCode question type and explains how to efficiently prepare for it\n—that is, work smart, not just hard. If you have heard of these patterns, then you\nknow it’s time to go practice and “grind LeetCode!”\nBefore I dive into providing advice and resources, here are some\npatterns to look out for as you tackle your preparation for brainteaser\nquestions.', 'patterns to look out for as you tackle your preparation for brainteaser\nquestions.\nPatterns for Brainteaser Programming Questions\nWhen you sign up for LeetCode or HackerRank, you’ll be faced with\nhundreds of questions on the platforms. This can cause analysis\nparalysis: there are so many questions, what should I start with? This\nis often followed by overwhelm: there are hundreds of thousands of\nquestions; can I really learn all of that?\nDon’t worry—you don’t have to. Many of the questions quiz similar\nconcepts or patterns. The more you start focusing on identifying the']","To avoid over-preparing only for brainteaser questions when targeting data science roles, here are some tips:

1. Identify the types of questions that are most common in your target company or team. This will help you focus your preparation on the most relevant and effective questions. 2. Keep up to date with the latest trends and demands in the data science market. This can help you identify new opportunities and stay motivated. 3. Stay organized and focused by breaking down the questions into smaller, manageable chunks. This will help you avoid feeling overwhelmed and ensure that you are making progress. 4. Practice, practice, practice. The more you practice, the more comfortable you will become with the questions and the more confident you will be in your ability to answer them. 5. Don'","You should balance brainteaser coding practice with data-focused exercises, SQL and pandas practice, ML theory, and case studies that reflect the actual work of data roles.",0.0,0.9999999999
Why do referrals matter in the machine learning and data science job search?,"['People don’t want to refer me to jobs just by meeting me once…” If\nyou think that, then you’re probably right—people usually won’t refer\nyou unless there’s a reason for them to do so.\nLuckily, many companies, especially big tech and larger companies,\ngive referral bonuses. This means that if an employee refers\nsomeone who gets hired, they receive money or rewards. Usually,\nthere is a requirement that the new hires have to stay for six months\nor so to prevent abuse of the reward system. Referral programs\nincentivize employees to find people in their networks to refer to job\nopenings.', 'WARNING\nA common misconception is that referrals are a silver bullet to getting hired. This\nis not true since a referral often only gets you through the first round of the\nprocess; the rest is up to you. The subsequent interview rounds will still put you\nthrough the wringer.\nJob referral example 1: Successful intern networking and\noutreach\nHere’s an example of an intern candidate I once referred to my team.\nWe had met when he attended an ML journal club meetup that I had\ncoorganized called AISC (Figure\xa02-2). After another event I hosted, I']","The context provided in the given text material suggests that referrals are an effective way to find people in one's network who may be interested in job openings. Referral programs incentivize employees to find people in their networks to refer to job openings, which can help to increase the chances of finding qualified candidates for the job. However, referrals are not a silver bullet and may not guarantee success in the job search. The text also mentions that successful intern networking and outreach can lead to successful job referrals. Overall, referrals are an important aspect of the machine learning and data science job search, but they should not be the only focus. The text emphasizes the importance of data preparation, data science principles, and targeting the right jobs for one'","Referrals can move your resume to the top of the stack or skip early screening, increasing the effectiveness of each application compared with cold applying.",0.5,0.99999999995
What mindset should a new-grad data scientist have when being asked to build agentic AI without prior experience?,"[""LittleToke\nHey I'm a senior DS who has been working a while now, and if it's any comfort, we're all being asked now to do agentic AI stuff, even though few of us have any experience with it. I still do more traditional ML work, but we're also all being asked to explore agentic AI worfklows just like you. So know you're not alone and we're all trying this for the first time."", 'This is a pretty common first job situation right now, especially in smaller teams where one person gets labeled “the AI person” by default. The good news is that agentic and LLM systems lean much more on system design, evaluation, and iteration than on fancy new math, so your ML foundation is still very relevant. I would treat this less as “I need to master a whole new field” and more as “I need to frame experiments and constraints around a messy tool.” Start small, define very narrow use cases, and push back gently on vague expectations by asking what success actually looks like. Also be']","A new-grad data scientist should approach this situation with a mindset of curiosity, openness, and willingness to learn. They should be willing to take on small, manageable projects and experiment with different techniques and constraints to gain a better understanding of agentic AI. They should also be willing to ask questions and seek guidance from more experienced colleagues or mentors. Ultimately, the goal is to build a foundation for agentic AI that is relevant and useful for their future career.","They should treat it as a chance to get paid to learn, clarify expectations with stakeholders, and focus on iterating from small proofs of concept instead of expecting to be fully expert on day one.",0.75,0.99999999995
What is a realistic expectation about on-the-job learning for new data scientists?,"['Previously, data scientists may have worked with data that was\nupdated weekly or daily. Now, as many applications update more\nfrequently or in real time, more infrastructure is needed to serve ML\nfunctionality in web products and apps, so more jobs have been\ncreated around those functions as well.\nIn short: as the machine learning lifecycle grew more complex, more\njob titles were created to describe the new skills that a full ML team\nnow requires. I’ll elaborate more on the job titles and ML lifecycle\nlater in this chapter.\nAll of this happened within the last decade, and companies don’t', '21st Century.”9 By April 2013, the search popularity of “data\nscientist” was already tied with “statistician” and subsequently\nsurpassed it by magnitudes, as shown in Figure\xa01-2. Back in those\ndays, there wasn’t a narrow divide between infrastructure jobs and\nmodel training, though. For example, Kubernetes was first released\nin 2014, but companies have taken some time to adopt it for\norchestrating ML jobs. So now there are more specific job titles for\nML infrastructure that didn’t exist before.\nFigure 1-2. Search popularity for the terms “data scientist,” “machine learning']","A realistic expectation about on-the-job learning for new data scientists is that they can expect to complete a variety of activities, such as reading books, taking online courses, and attending networking events, to gain the necessary knowledge. They should also set achievable goals and be patient with themselves as they develop their learning plan. Engaging with the data science community through forums, social media, and networking events can also help new data scientists learn from others and gain valuable insights. The expectation for on-the-job learning is to become proficient in data science and to be able to apply what they have learned to real-world problems.","New data scientists should expect to continuously upskill on new tools and methods, often learning on the job as technology and company priorities evolve.",0.0,0.9999999999
Why is networking emphasized as a key part of breaking into ML roles?,"['doors to potential job opportunities, partnerships, and collaborations, enabling individuals to advance\ntheir careers and make meaningful contributions to the industry.\nIn the tech and data science industry, where staying ahead of the curve is essential, networking acts as\na catalyst for professional success, providing a platform for continuous learning, support, and growth.\nHere are some ways to harness this potential:\nConnect with professionals: Don’t hesitate to connect with other data scientists. A personalized connection request outlining your', 'professional growth, collaboration, and opportunities. In this dynamic and rapidly evolving field,\nbuilding a robust network allows individuals to connect with like-minded professionals, experts, and\nmentors who can provide valuable insights and guidance. Through networking, professionals can\nexpand their knowledge base, stay updated on the latest industry trends, discover new tools and\ntechnologies, and make meaningful connections with other professionals.\nMoreover, networking facilitates the exchange of ideas, fostering innovation and creativity. It opens']","The context provided in the given text material emphasizes the importance of networking in breaking into the data science industry. Networking is a way to connect with other data scientists, experts, and mentors who can provide valuable insights and guidance. Through networking, professionals can expand their knowledge base, stay updated on the latest industry trends, discover new tools and technologies, and make meaningful connections with other professionals. This can help individuals advance their careers and make meaningful contributions to the industry.","Networking creates warm connections that can lead to referrals, inside information about roles, and conversations that increase your effectiveness per application over time.",1.0,0.99999999995
What is the purpose of an A/B test in a product context?,"['of A/B testing to drive future research forward. Three earlier studies [13, 12, 133] explored a number of\naspects of research on A/B testing, such as research topics, type of experiments in A/B testing, and A/B\ntooling and metrics. Yet, these studies do not provide a comprehensive overview of the state-of-the-art that\nprovides deeper insights in the types of targets to which A/B testing is applied, the roles of stakeholders\nin the design of A/B tests, the execution of the tests, and the usage of the test results. These insights are', 'literature review that analyzed 141 primary studies. The research questions focused on the subject of A/B\ntesting, how A/B tests are designed and executed, what roles stakeholders have in this process, and the\nopen challenges in the area. Analysis of the extracted data shows that the main targets of A/B testing\nare algorithms, visual elements, and workflow and processes. Single classic A/B tests are the dominating\ntype of tests, primarily based in hypothesis tests. Stakeholders have three main roles in the design of A/B']","The context provided in the question is an interview preparation assistant. The answer to the question is:

Answer: The purpose of an A/B test in a product context is to drive future research forward by exploring a number of aspects of research on A/B testing, such as research topics, type of experiments in A/B testing, and A/B tooling and metrics. The studies do not provide a comprehensive overview of the state-of-the-art that provides deeper insights in the types of targets to which A/B testing is applied, the roles of stakeholders in the design of A/B tests, the execution of the tests, and the usage of the test results. These insights are provided in literature review analyzing 141 primary studies. The main targets of A/B testing are algorithms, visual elements, and workflow and process",An A/B test randomly assigns users to control and treatment versions to estimate the causal effect of a change on key metrics such as conversion or click-through rate.,0.9333333333333333,0.0
Why is randomization important in A/B testing?,"['[91, 88, 54, 60, 167, 42, 169, 120, 11, 41,\n110, 140, 90]\nExperimentation frameworks and platforms\n[144, 154, 106, 156, 108, 9, 131, 74, 21, 36,\n179, 177, 152]\nA/B testing at scale\n[89, 160, 58, 165, 81, 157, 76, 57, 56]\n5. Discussion\nIn this section, we discuss a number of additional insights we obtained. We start with the research topics\nstudied by the primary studies. Next, we look at environments and tools used for A/B testing. Then we\nreport a number of opportunities for future research. We conclude with a discussion of threats to validity\nof the study.\n5.1. Research topics', 'of A/B testing to drive future research forward. Three earlier studies [13, 12, 133] explored a number of\naspects of research on A/B testing, such as research topics, type of experiments in A/B testing, and A/B\ntooling and metrics. Yet, these studies do not provide a comprehensive overview of the state-of-the-art that\nprovides deeper insights in the types of targets to which A/B testing is applied, the roles of stakeholders\nin the design of A/B tests, the execution of the tests, and the usage of the test results. These insights are']","Context:
[91, 88, 54, 60, 167, 42, 169, 120, 11, 41,
110, 140, 90]
Experimentation frameworks and platforms
[144, 154, 106, 156, 108, 9, 131, 74, 21, 36,
179, 177, 152]
A/B testing at scale
[89, 160, 58, 165, 81, 157, 76, 57, 56]
5. Discussion
In this section, we discuss a number of additional insights we obtained. We start with the research topics
studied by the primary studies. Next, we look at environments and tools used for A/B testing. Then we
report a number of opportunities for future research. We conclude with a discussion of threats to validity
of the study. Research topic
Studies explored a number of research topics related to A/B testing, such as research topics, type of experiments
in A/B testing, and A/B tooling and metrics. However, these studies do not provide a comprehensiv",Randomization helps balance confounders between groups so that differences in outcomes can be attributed to the experiment rather than pre-existing differences.,0.9230769230769231,0.0
How would you explain the difference between statistical significance and practical significance in an experiment?,"['intended to differ on a critical manipulation.\nNow, suppose we want to investigate whether there is a significant difference in the test scores of two\nstudy groups, Group A and Group B. Each group consists of different students, and the two groups\nwere taught using different teaching methods:\nGroup A test scores: [78, 86, 88, 92, 75, 82, 80, 85, 89, 94]\nGroup B test scores: [72, 79, 84, 90, 81, 76, 88, 80, 83, 91, 85, 87]\nWe want to determine if there is a statistically significant difference in their average test scores. The\nhypothesis statements are as follows:', 'hypothesis statements are as follows:\nNull hypothesis: There is no significant difference between the average test scores of Group A and Group B (\n)\nAlternative hypothesis: There is a significant difference between the average test scores of Group A and Group B (\n)\nUnderstanding paired sample t-tests\nIn your journey as a data scientist, statistical testing will be a cornerstone of your work, often used to\nverify hypotheses and draw conclusions from the data you’ve collected or analyzed. One statistical']","In an experiment, statistical significance refers to the probability that a difference in the means of two groups can be attributed to chance alone. This means that the difference is not due to any real difference between the two groups. In contrast, practical significance refers to the probability that a difference in the means of two groups can be attributed to a real difference between the two groups. This means that the difference is not just a chance occurrence, but is actually due to a real difference between the two groups. In the context of hypothesis testing, statistical significance refers to the probability that a difference in the means of two groups can be attributed to chance alone. This means that the difference is not due to any real difference between the two groups. In co","Statistical significance means an effect is unlikely due to chance under the model, while practical significance asks whether the effect size is large enough to matter for the business.",0.5,0.0
What cross-validation strategy is appropriate for time series modeling?,"['Q15- What cross-validation technique would you use on a \ntime series dataset?\nMore reading: Using k-fold cross-validation for time-series model \nselection (CrossValidated)\nInstead of using standard k-folds cross-validation, you have to pay \nattention to the fact that a time series is not randomly distributed \ndata — it is inherently ordered by chronological order. If a pattern \nemerges in later time periods for example, your model may still pick \nup on it even if that effect doesn’t hold in earlier years!\nYou’ll want to do something like forward chaining where you’ll be', 'through the use of neural nets.\nQ14- What’s the difference between a generative and dis-\ncriminative model?\nMore reading: What is the difference between a Generative and Dis-\ncriminative Algorithm? (Stack Overflow)\nA generative model will learn categories of data while a discrimina-\ntive model will simply learn the distinction between different catego-\nries of data. Discriminative models will generally outperform \ngenerative models on classification tasks.\nQ15- What cross-validation technique would you use on a \ntime series dataset?']","The provided context suggests that the answer to the question is ""using k-fold cross-validation for time series model selection. "" K-fold cross-validation is a popular cross-validation technique for time series model selection.","For time series you should use forward-chaining or rolling-origin evaluation where you train on past data and test on future data, preserving chronological order instead of random k-fold splits.",0.0,0.99999999995
